{
	"partitions" : [
		{
			"name" : "Top",
			"pins" : [
				{
					"name" : "Y[0]",
					"strict" : false
				},
				{
					"name" : "Y[1]",
					"strict" : false
				},
				{
					"name" : "Y[2]",
					"strict" : false
				},
				{
					"name" : "Y[3]",
					"strict" : false
				},
				{
					"name" : "Y[4]",
					"strict" : false
				},
				{
					"name" : "Y[5]",
					"strict" : false
				},
				{
					"name" : "Y[6]",
					"strict" : false
				},
				{
					"name" : "Y[7]",
					"strict" : false
				},
				{
					"name" : "I1[0]",
					"strict" : false
				},
				{
					"name" : "I0[0]",
					"strict" : false
				},
				{
					"name" : "S",
					"strict" : false
				},
				{
					"name" : "I1[1]",
					"strict" : false
				},
				{
					"name" : "I0[1]",
					"strict" : false
				},
				{
					"name" : "I1[2]",
					"strict" : false
				},
				{
					"name" : "I0[2]",
					"strict" : false
				},
				{
					"name" : "I1[3]",
					"strict" : false
				},
				{
					"name" : "I0[3]",
					"strict" : false
				},
				{
					"name" : "I1[4]",
					"strict" : false
				},
				{
					"name" : "I0[4]",
					"strict" : false
				},
				{
					"name" : "I1[5]",
					"strict" : false
				},
				{
					"name" : "I0[5]",
					"strict" : false
				},
				{
					"name" : "I1[6]",
					"strict" : false
				},
				{
					"name" : "I0[6]",
					"strict" : false
				},
				{
					"name" : "I1[7]",
					"strict" : false
				},
				{
					"name" : "I0[7]",
					"strict" : false
				}
			]
		}
	]
}