{
	"partitions" : [
		{
			"name" : "Top",
			"pins" : [
				{
					"name" : "Y[0]",
					"strict" : false
				},
				{
					"name" : "Y[1]",
					"strict" : false
				},
				{
					"name" : "Y[2]",
					"strict" : false
				},
				{
					"name" : "Y[3]",
					"strict" : false
				},
				{
					"name" : "Y[4]",
					"strict" : false
				},
				{
					"name" : "Y[5]",
					"strict" : false
				},
				{
					"name" : "Y[6]",
					"strict" : false
				},
				{
					"name" : "Y[7]",
					"strict" : false
				},
				{
					"name" : "I2[0]",
					"strict" : false
				},
				{
					"name" : "S[1]",
					"strict" : false
				},
				{
					"name" : "I1[0]",
					"strict" : false
				},
				{
					"name" : "S[0]",
					"strict" : false
				},
				{
					"name" : "I0[0]",
					"strict" : false
				},
				{
					"name" : "I3[0]",
					"strict" : false
				},
				{
					"name" : "I1[1]",
					"strict" : false
				},
				{
					"name" : "I2[1]",
					"strict" : false
				},
				{
					"name" : "I0[1]",
					"strict" : false
				},
				{
					"name" : "I3[1]",
					"strict" : false
				},
				{
					"name" : "I2[2]",
					"strict" : false
				},
				{
					"name" : "I1[2]",
					"strict" : false
				},
				{
					"name" : "I0[2]",
					"strict" : false
				},
				{
					"name" : "I3[2]",
					"strict" : false
				},
				{
					"name" : "I1[3]",
					"strict" : false
				},
				{
					"name" : "I2[3]",
					"strict" : false
				},
				{
					"name" : "I0[3]",
					"strict" : false
				},
				{
					"name" : "I3[3]",
					"strict" : false
				},
				{
					"name" : "I2[4]",
					"strict" : false
				},
				{
					"name" : "I1[4]",
					"strict" : false
				},
				{
					"name" : "I0[4]",
					"strict" : false
				},
				{
					"name" : "I3[4]",
					"strict" : false
				},
				{
					"name" : "I1[5]",
					"strict" : false
				},
				{
					"name" : "I2[5]",
					"strict" : false
				},
				{
					"name" : "I0[5]",
					"strict" : false
				},
				{
					"name" : "I3[5]",
					"strict" : false
				},
				{
					"name" : "I2[6]",
					"strict" : false
				},
				{
					"name" : "I1[6]",
					"strict" : false
				},
				{
					"name" : "I0[6]",
					"strict" : false
				},
				{
					"name" : "I3[6]",
					"strict" : false
				},
				{
					"name" : "I1[7]",
					"strict" : false
				},
				{
					"name" : "I2[7]",
					"strict" : false
				},
				{
					"name" : "I0[7]",
					"strict" : false
				},
				{
					"name" : "I3[7]",
					"strict" : false
				}
			]
		}
	]
}